sheep,0.png
sheep,1.png
sheep,2.png
sheep,3.png
sheep,4.png
sheep,5.png
sheep,6.png
sheep,7.png
sheep,8.png
sheep,9.png
sheep,10.png
sheep,11.png
sheep,12.png
sheep,13.png
sheep,14.png
sheep,15.png
sheep,16.png
sheep,17.png
sheep,18.png
sheep,19.png
sheep,20.png
sheep,21.png
sheep,22.png
sheep,23.png
sheep,24.png
sheep,25.png
sheep,26.png
sheep,27.png
sheep,28.png
sheep,29.png
sheep,30.png
sheep,31.png
sheep,32.png
sheep,33.png
sheep,34.png
sheep,35.png
sheep,36.png
sheep,37.png
sheep,38.png
sheep,39.png
sheep,40.png
sheep,41.png
sheep,42.png
sheep,43.png
sheep,44.png
sheep,45.png
sheep,46.png
sheep,47.png
sheep,48.png
sheep,49.png
sheep,50.png
sheep,51.png
sheep,52.png
sheep,53.png
sheep,54.png
sheep,55.png
sheep,56.png
sheep,57.png
sheep,58.png
sheep,59.png
sheep,60.png
sheep,61.png
sheep,62.png
sheep,63.png
sheep,64.png
sheep,65.png
sheep,66.png
sheep,67.png
sheep,68.png
sheep,69.png
sheep,70.png
sheep,71.png
sheep,72.png
sheep,73.png
sheep,74.png
sheep,75.png
sheep,76.png
sheep,77.png
sheep,78.png
sheep,79.png
sheep,80.png
sheep,81.png
sheep,82.png
sheep,83.png
sheep,84.png
sheep,85.png
sheep,86.png
sheep,87.png
sheep,88.png
sheep,89.png
sheep,90.png
sheep,91.png
sheep,92.png
sheep,93.png
sheep,94.png
sheep,95.png
sheep,96.png
sheep,97.png
sheep,98.png
sheep,99.png
coke,100.png
coke,101.png
coke,102.png
coke,103.png
coke,104.png
coke,105.png
coke,106.png
coke,107.png
coke,108.png
coke,109.png
coke,110.png
coke,111.png
coke,112.png
coke,113.png
coke,114.png
coke,115.png
coke,116.png
coke,117.png
coke,118.png
coke,119.png
coke,120.png
coke,121.png
coke,122.png
coke,123.png
coke,124.png
coke,125.png
coke,126.png
coke,127.png
coke,128.png
coke,129.png
coke,130.png
coke,131.png
coke,132.png
coke,133.png
coke,134.png
coke,135.png
coke,136.png
coke,137.png
coke,138.png
coke,139.png
coke,140.png
coke,141.png
coke,142.png
coke,143.png
coke,144.png
coke,145.png
coke,146.png
coke,147.png
coke,148.png
coke,149.png
coke,150.png
coke,151.png
coke,152.png
coke,153.png
coke,154.png
coke,155.png
coke,156.png
coke,157.png
coke,158.png
coke,159.png
coke,160.png
coke,161.png
coke,162.png
coke,163.png
coke,164.png
coke,165.png
coke,166.png
coke,167.png
coke,168.png
coke,169.png
coke,170.png
coke,171.png
coke,172.png
coke,173.png
coke,174.png
coke,175.png
coke,176.png
coke,177.png
coke,178.png
coke,179.png
coke,180.png
coke,181.png
coke,182.png
coke,183.png
coke,184.png
coke,185.png
coke,186.png
coke,187.png
coke,188.png
coke,189.png
coke,190.png
coke,191.png
coke,192.png
coke,193.png
coke,194.png
coke,195.png
coke,196.png
coke,197.png
coke,198.png
coke,199.png
neither,200.png
neither,201.png
neither,202.png
neither,203.png
neither,204.png
neither,205.png
neither,206.png
neither,207.png
neither,208.png
neither,209.png
neither,210.png
neither,211.png
neither,212.png
neither,213.png
neither,214.png
neither,215.png
neither,216.png
neither,217.png
neither,218.png
neither,219.png
neither,220.png
neither,221.png
neither,222.png
neither,223.png
neither,224.png
neither,225.png
neither,226.png
neither,227.png
neither,228.png
neither,229.png
neither,230.png
neither,231.png
neither,232.png
neither,233.png
neither,234.png
neither,235.png
neither,236.png
neither,237.png
neither,238.png
neither,239.png
neither,240.png
neither,241.png
neither,242.png
neither,243.png
neither,244.png
neither,245.png
neither,246.png
neither,247.png
neither,248.png
neither,249.png
neither,250.png
neither,251.png
neither,252.png
neither,253.png
neither,254.png
neither,255.png
neither,256.png
neither,257.png
neither,258.png
neither,259.png
neither,260.png
neither,261.png
neither,262.png
neither,263.png
neither,264.png
neither,265.png
neither,266.png
neither,267.png
neither,268.png
neither,269.png
neither,270.png
neither,271.png
neither,272.png
neither,273.png
neither,274.png
neither,275.png
neither,276.png
neither,277.png
neither,278.png
neither,279.png
neither,280.png
neither,281.png
neither,282.png
neither,283.png
neither,284.png
neither,285.png
neither,286.png
neither,287.png
neither,288.png
neither,289.png
neither,290.png
neither,291.png
neither,292.png
neither,293.png
neither,294.png
neither,295.png
neither,296.png
neither,297.png
neither,298.png
neither,299.png
sheep,300.png
sheep,301.png
sheep,302.png
sheep,303.png
sheep,304.png
sheep,305.png
sheep,306.png
sheep,307.png
sheep,308.png
sheep,309.png
sheep,310.png
sheep,311.png
sheep,312.png
sheep,313.png
sheep,314.png
sheep,315.png
sheep,316.png
sheep,317.png
sheep,318.png
sheep,319.png
sheep,320.png
sheep,321.png
sheep,322.png
sheep,323.png
sheep,324.png
sheep,325.png
sheep,326.png
sheep,327.png
sheep,328.png
sheep,329.png
sheep,330.png
sheep,331.png
sheep,332.png
sheep,333.png
sheep,334.png
sheep,335.png
sheep,336.png
sheep,337.png
sheep,338.png
sheep,339.png
sheep,340.png
sheep,341.png
sheep,342.png
sheep,343.png
sheep,344.png
sheep,345.png
sheep,346.png
sheep,347.png
sheep,348.png
sheep,349.png
sheep,350.png
sheep,351.png
sheep,352.png
sheep,353.png
sheep,354.png
sheep,355.png
sheep,356.png
sheep,357.png
sheep,358.png
sheep,359.png
sheep,360.png
sheep,361.png
sheep,362.png
sheep,363.png
sheep,364.png
sheep,365.png
sheep,366.png
sheep,367.png
sheep,368.png
sheep,369.png
sheep,370.png
sheep,371.png
sheep,372.png
sheep,373.png
sheep,374.png
sheep,375.png
sheep,376.png
sheep,377.png
sheep,378.png
sheep,379.png
sheep,380.png
sheep,381.png
sheep,382.png
sheep,383.png
sheep,384.png
sheep,385.png
sheep,386.png
sheep,387.png
sheep,388.png
sheep,389.png
sheep,390.png
sheep,391.png
sheep,392.png
sheep,393.png
sheep,394.png
sheep,395.png
sheep,396.png
sheep,397.png
sheep,398.png
sheep,399.png
coke,400.png
coke,401.png
coke,402.png
coke,403.png
coke,404.png
coke,405.png
coke,406.png
coke,407.png
coke,408.png
coke,409.png
coke,410.png
coke,411.png
coke,412.png
coke,413.png
coke,414.png
coke,415.png
coke,416.png
coke,417.png
coke,418.png
coke,419.png
coke,420.png
coke,421.png
coke,422.png
coke,423.png
coke,424.png
coke,425.png
coke,426.png
coke,427.png
coke,428.png
coke,429.png
coke,430.png
coke,431.png
coke,432.png
coke,433.png
coke,434.png
coke,435.png
coke,436.png
coke,437.png
coke,438.png
coke,439.png
coke,440.png
coke,441.png
coke,442.png
coke,443.png
coke,444.png
coke,445.png
coke,446.png
coke,447.png
coke,448.png
coke,449.png
coke,450.png
coke,451.png
coke,452.png
coke,453.png
coke,454.png
coke,455.png
coke,456.png
coke,457.png
coke,458.png
coke,459.png
coke,460.png
coke,461.png
coke,462.png
coke,463.png
coke,464.png
coke,465.png
coke,466.png
coke,467.png
coke,468.png
coke,469.png
coke,470.png
coke,471.png
coke,472.png
coke,473.png
coke,474.png
coke,475.png
coke,476.png
coke,477.png
coke,478.png
coke,479.png
coke,480.png
coke,481.png
coke,482.png
coke,483.png
coke,484.png
coke,485.png
coke,486.png
coke,487.png
coke,488.png
coke,489.png
coke,490.png
coke,491.png
coke,492.png
coke,493.png
coke,494.png
coke,495.png
coke,496.png
coke,497.png
coke,498.png
coke,499.png
neither,500.png
neither,501.png
neither,502.png
neither,503.png
neither,504.png
neither,505.png
neither,506.png
neither,507.png
neither,508.png
neither,509.png
neither,510.png
neither,511.png
neither,512.png
neither,513.png
neither,514.png
neither,515.png
neither,516.png
neither,517.png
neither,518.png
neither,519.png
neither,520.png
neither,521.png
neither,522.png
neither,523.png
neither,524.png
neither,525.png
neither,526.png
neither,527.png
neither,528.png
neither,529.png
neither,530.png
neither,531.png
neither,532.png
neither,533.png
neither,534.png
neither,535.png
neither,536.png
neither,537.png
neither,538.png
neither,539.png
neither,540.png
neither,541.png
neither,542.png
neither,543.png
neither,544.png
neither,545.png
neither,546.png
neither,547.png
neither,548.png
neither,549.png
neither,550.png
neither,551.png
neither,552.png
neither,553.png
neither,554.png
neither,555.png
neither,556.png
neither,557.png
neither,558.png
neither,559.png
neither,560.png
neither,561.png
neither,562.png
neither,563.png
neither,564.png
neither,565.png
neither,566.png
neither,567.png
neither,568.png
neither,569.png
neither,570.png
neither,571.png
neither,572.png
neither,573.png
neither,574.png
neither,575.png
neither,576.png
neither,577.png
neither,578.png
neither,579.png
neither,580.png
neither,581.png
neither,582.png
neither,583.png
neither,584.png
neither,585.png
neither,586.png
neither,587.png
neither,588.png
neither,589.png
neither,590.png
neither,591.png
neither,592.png
neither,593.png
neither,594.png
neither,595.png
neither,596.png
neither,597.png
neither,598.png
neither,599.png
